Year,Mean_GPP,Std_GPP,Min_GPP,Max_GPP
2024,49669.664,25476.61,23.866497,65535.0
2025,49561.066,25552.125,0.0,65535.0
2026,49471.816,25576.512,83.698524,65535.0
2027,49396.883,25602.824,84.64384,65535.0
2028,49422.03,25577.666,449.77274,65535.0
2029,49329.906,25634.102,365.304,65535.0
2030,49327.35,25633.37,486.53445,65535.0
