Year,Mean_Precipitation,Std_Precipitation,Min_Precipitation,Max_Precipitation
2024,133.78708,182.1494,0.0,631.395
2025,100.28572,137.38351,0.0,501.83038
2026,97.91716,134.62932,0.0,500.52502
2027,98.28483,134.70045,0.0,501.0369
2028,132.41463,180.60112,0.0,631.1434
2029,94.5505,135.53793,0.0,483.8246
2030,95.04793,135.76761,0.0,483.8246
